"Bac","Niveau","Spécialités","Effectifs"
2021,"Première","MATHS PHYSIQUE_CHIMIE SVT",109398
2021,"Première","HISTOIRE_GEO_POLITIQUE MATHS SES",31175
2021,"Première","HISTOIRE_GEO_POLITIQUE LANGUES_LITTERATURE SES",27725
2021,"Première","HISTOIRE_GEO_POLITIQUE HUMANITES_LITTERATURE_PHILO SES",17200
2021,"Première","HISTOIRE_GEO_POLITIQUE HUMANITES_LITTERATURE_PHILO LANGUES_LITTERATURE",16992
2021,"Première","MATHS PHYSIQUE_CHIMIE SCIENCES_INGENIEUR",16558
2021,"Première","MATHS NUMERIQUE_SCIENCES_INFORMATIQUES PHYSIQUE_CHIMIE",16045
2021,"Première","LANGUES_LITTERATURE MATHS SES",13046
2021,"Première","MATHS SVT SES",12829
2021,"Première","MATHS PHYSIQUE_CHIMIE SES",12246
2021,"Première","HISTOIRE_GEO_POLITIQUE SVT SES",8143
2021,"Première","LANGUES_LITTERATURE MATHS PHYSIQUE_CHIMIE",8078
2021,"Première","HUMANITES_LITTERATURE_PHILO LANGUES_LITTERATURE SES",7136
2021,"Première","HISTOIRE_GEO_POLITIQUE MATHS PHYSIQUE_CHIMIE",5862
2021,"Première","LANGUES_LITTERATURE MATHS SVT",4756
2021,"Première","HISTOIRE_GEO_POLITIQUE MATHS SVT",4329
2021,"Première","HISTOIRE_GEO_POLITIQUE LANGUES_LITTERATURE MATHS",3665
2021,"Première","LANGUES_LITTERATURE SVT SES",3274
2021,"Première","MATHS NUMERIQUE_SCIENCES_INFORMATIQUES SCIENCES_INGENIEUR",2814
2021,"Première","ARTS_PLA HUMANITES_LITTERATURE_PHILO LANGUES_LITTERATURE",2723
2021,"Première","MATHS NUMERIQUE_SCIENCES_INFORMATIQUES SES",2609
2021,"Première","HISTOIRE_GEO_POLITIQUE LANGUES_LITTERATURE SVT",2467
2021,"Première","HISTOIRE_GEO_POLITIQUE HUMANITES_LITTERATURE_PHILO MATHS",2297
2021,"Première","HUMANITES_LITTERATURE_PHILO LANGUES_LITTERATURE SVT",2159
2021,"Première","HUMANITES_LITTERATURE_PHILO MATHS SES",2062
2021,"Première","HISTOIRE_GEO_POLITIQUE HUMANITES_LITTERATURE_PHILO SVT",2019
2021,"Première","MATHS NUMERIQUE_SCIENCES_INFORMATIQUES SVT",1981
2021,"Première","PHYSIQUE_CHIMIE SVT SES",1976
2021,"Première","HUMANITES_LITTERATURE_PHILO SVT SES",1936
2021,"Première","HUMANITES_LITTERATURE_PHILO LANGUES_LITTERATURE MATHS",1793
2021,"Première","LANGUES_LITTERATURE PHYSIQUE_CHIMIE SVT",1761
2021,"Première","LANGUES_LITTERATURE MATHS NUMERIQUE_SCIENCES_INFORMATIQUES",1669
2021,"Première","HUMANITES_LITTERATURE_PHILO MATHS SVT",1626
2021,"Première","HUMANITES_LITTERATURE_PHILO MATHS PHYSIQUE_CHIMIE",1364
2021,"Première","ARTS_PLA HISTOIRE_GEO_POLITIQUE HUMANITES_LITTERATURE_PHILO",1282
2021,"Première","HISTOIRE_GEO_POLITIQUE PHYSIQUE_CHIMIE SVT",1268
2021,"Première","ARTS_PLA MATHS PHYSIQUE_CHIMIE",973
2021,"Première","HISTOIRE_GEO_POLITIQUE NUMERIQUE_SCIENCES_INFORMATIQUES SES",959
2021,"Première","ARTS_PLA HISTOIRE_GEO_POLITIQUE LANGUES_LITTERATURE",957
2021,"Première","CINEMA HUMANITES_LITTERATURE_PHILO LANGUES_LITTERATURE",924
2021,"Première","ARTS_PLA LANGUES_LITTERATURE SES",827
2021,"Première","THEATRE HUMANITES_LITTERATURE_PHILO LANGUES_LITTERATURE",791
2021,"Première","HUMANITES_LITTERATURE_PHILO PHYSIQUE_CHIMIE SVT",664
2021,"Première","ARTS_PLA HISTOIRE_GEO_POLITIQUE SES",642
2021,"Première","MATHS SVT SCIENCES_INGENIEUR",636
2021,"Première","LANGUES_LITTERATURE NUMERIQUE_SCIENCES_INFORMATIQUES SES",621
2021,"Première","ARTS_PLA LANGUES_LITTERATURE MATHS",604
2021,"Première","HISTOIRE_DES_ARTS HUMANITES_LITTERATURE_PHILO LANGUES_LITTERATURE",584
2021,"Première","HISTOIRE_GEO_POLITIQUE MATHS NUMERIQUE_SCIENCES_INFORMATIQUES",544
2021,"Première","MATHS SCIENCES_INGENIEUR SES",533
2021,"Première","ARTS_PLA MATHS SES",529
2021,"Première","HISTOIRE_GEO_POLITIQUE PHYSIQUE_CHIMIE SES",506
2021,"Première","CINEMA HISTOIRE_GEO_POLITIQUE HUMANITES_LITTERATURE_PHILO",479
2021,"Première","ARTS_PLA HUMANITES_LITTERATURE_PHILO SES",472
2021,"Première","THEATRE HISTOIRE_GEO_POLITIQUE HUMANITES_LITTERATURE_PHILO",441
2021,"Première","LANGUES_LITTERATURE MATHS SCIENCES_INGENIEUR",424
2021,"Première","CINEMA HISTOIRE_GEO_POLITIQUE LANGUES_LITTERATURE",420
2021,"Première","NUMERIQUE_SCIENCES_INFORMATIQUES PHYSIQUE_CHIMIE SVT",417
2021,"Première","HISTOIRE_DES_ARTS HISTOIRE_GEO_POLITIQUE HUMANITES_LITTERATURE_PHILO",408
2021,"Première","MUSIQUE HUMANITES_LITTERATURE_PHILO LANGUES_LITTERATURE",407
2021,"Première","HISTOIRE_GEO_POLITIQUE LANGUES_LITTERATURE NUMERIQUE_SCIENCES_INFORMATIQUES",392
2021,"Première","CINEMA LANGUES_LITTERATURE SES",387
2021,"Première","ARTS_PLA MATHS SVT",377
2021,"Première","CINEMA MATHS PHYSIQUE_CHIMIE",345
2021,"Première","NUMERIQUE_SCIENCES_INFORMATIQUES SVT SES",332
2021,"Première","ARTS_PLA MATHS NUMERIQUE_SCIENCES_INFORMATIQUES",322
2021,"Première","CINEMA HISTOIRE_GEO_POLITIQUE SES",309
2021,"Première","ARTS_PLA LANGUES_LITTERATURE SVT",277
2021,"Première","HUMANITES_LITTERATURE_PHILO LANGUES_LITTERATURE NUMERIQUE_SCIENCES_INFORMATIQUES",259
2021,"Première","LANGUES_LITTERATURE PHYSIQUE_CHIMIE SES",255
2021,"Première","THEATRE HISTOIRE_GEO_POLITIQUE LANGUES_LITTERATURE",253
2021,"Première","LANGUES_LITTERATURE NUMERIQUE_SCIENCES_INFORMATIQUES SVT",250
2021,"Première","ARTS_PLA HUMANITES_LITTERATURE_PHILO MATHS",247
2021,"Première","HISTOIRE_DES_ARTS HISTOIRE_GEO_POLITIQUE LANGUES_LITTERATURE",245
2021,"Première","MUSIQUE MATHS PHYSIQUE_CHIMIE",243
2021,"Première","ARTS_PLA HUMANITES_LITTERATURE_PHILO SVT",239
2021,"Première","HISTOIRE_GEO_POLITIQUE LANGUES_LITTERATURE PHYSIQUE_CHIMIE",237
2021,"Première","HUMANITES_LITTERATURE_PHILO LANGUES_LITTERATURE LITTERATURE_LCA_LATIN",224
2021,"Première","HISTOIRE_DES_ARTS HISTOIRE_GEO_POLITIQUE SES",220
2021,"Première","THEATRE HISTOIRE_GEO_POLITIQUE SES",219
2021,"Première","ARTS_PLA HISTOIRE_GEO_POLITIQUE MATHS",203
2021,"Première","ARTS_PLA LANGUES_LITTERATURE NUMERIQUE_SCIENCES_INFORMATIQUES",203
2021,"Première","HISTOIRE_GEO_POLITIQUE HUMANITES_LITTERATURE_PHILO LITTERATURE_LCA_LATIN",202
2021,"Première","MUSIQUE HISTOIRE_GEO_POLITIQUE HUMANITES_LITTERATURE_PHILO",197
2021,"Première","ARTS_PLA HISTOIRE_GEO_POLITIQUE SVT",195
2021,"Première","THEATRE LANGUES_LITTERATURE SES",191
2021,"Première","MUSIQUE HISTOIRE_GEO_POLITIQUE LANGUES_LITTERATURE",189
2021,"Première","CINEMA LANGUES_LITTERATURE MATHS",185
2021,"Première","HISTOIRE_GEO_POLITIQUE NUMERIQUE_SCIENCES_INFORMATIQUES SVT",184
2021,"Première","PHYSIQUE_CHIMIE SVT SCIENCES_INGENIEUR",182
2021,"Première","HISTOIRE_DES_ARTS LANGUES_LITTERATURE SES",181
2021,"Première","HISTOIRE_DES_ARTS MATHS PHYSIQUE_CHIMIE",170
2021,"Première","CINEMA HUMANITES_LITTERATURE_PHILO SES",169
2021,"Première","ARTS_PLA SVT SES",162
2021,"Première","HISTOIRE_GEO_POLITIQUE MATHS SCIENCES_INGENIEUR",160
2021,"Première","THEATRE HUMANITES_LITTERATURE_PHILO SES",160
2021,"Première","HUMANITES_LITTERATURE_PHILO LANGUES_LITTERATURE PHYSIQUE_CHIMIE",155
2021,"Première","HUMANITES_LITTERATURE_PHILO MATHS NUMERIQUE_SCIENCES_INFORMATIQUES",146
2021,"Première","CINEMA MATHS SES",139
2021,"Première","HISTOIRE_GEO_POLITIQUE HUMANITES_LITTERATURE_PHILO NUMERIQUE_SCIENCES_INFORMATIQUES",134
2021,"Première","ARTS_PLA PHYSIQUE_CHIMIE SVT",121
2021,"Première","CINEMA MATHS NUMERIQUE_SCIENCES_INFORMATIQUES",119
2021,"Première","MUSIQUE HISTOIRE_GEO_POLITIQUE SES",114
2021,"Première","DANSE HUMANITES_LITTERATURE_PHILO LANGUES_LITTERATURE",107
2021,"Première","LANGUES_LITTERATURE NUMERIQUE_SCIENCES_INFORMATIQUES PHYSIQUE_CHIMIE",107
2021,"Première","MUSIQUE LANGUES_LITTERATURE SES",105
2021,"Première","NUMERIQUE_SCIENCES_INFORMATIQUES PHYSIQUE_CHIMIE SCIENCES_INGENIEUR",104
2021,"Première","HISTOIRE_GEO_POLITIQUE HUMANITES_LITTERATURE_PHILO PHYSIQUE_CHIMIE",103
2021,"Première","HUMANITES_LITTERATURE_PHILO PHYSIQUE_CHIMIE SES",98
2021,"Première","HISTOIRE_DES_ARTS HUMANITES_LITTERATURE_PHILO SES",97
2021,"Première","HISTOIRE_GEO_POLITIQUE SCIENCES_INGENIEUR SES",96
2021,"Première","LANGUES_LITTERATURE NUMERIQUE_SCIENCES_INFORMATIQUES SCIENCES_INGENIEUR",94
2021,"Première","HUMANITES_LITTERATURE_PHILO NUMERIQUE_SCIENCES_INFORMATIQUES SES",93
2021,"Première","NUMERIQUE_SCIENCES_INFORMATIQUES PHYSIQUE_CHIMIE SES",93
2021,"Première","THEATRE MATHS PHYSIQUE_CHIMIE",93
2021,"Première","CINEMA LANGUES_LITTERATURE NUMERIQUE_SCIENCES_INFORMATIQUES",90
2021,"Première","HISTOIRE_DES_ARTS MATHS SES",87
2021,"Première","HISTOIRE_DES_ARTS LANGUES_LITTERATURE MATHS",84
2021,"Première","CINEMA MATHS SVT",83
2021,"Première","SVT SCIENCES_INGENIEUR SES",83
2021,"Première","HISTOIRE_GEO_POLITIQUE LITTERATURE_LCA_LATIN SES",81
2021,"Première","ARTS_PLA MATHS SCIENCES_INGENIEUR",80
2021,"Première","MUSIQUE LANGUES_LITTERATURE MATHS",80
2021,"Première","NUMERIQUE_SCIENCES_INFORMATIQUES SCIENCES_INGENIEUR SES",79
2021,"Première","DANSE HISTOIRE_GEO_POLITIQUE LANGUES_LITTERATURE",78
2021,"Première","CINEMA HUMANITES_LITTERATURE_PHILO MATHS",77
2021,"Première","CINEMA LANGUES_LITTERATURE SVT",75
2021,"Première","NUMERIQUE_SCIENCES_INFORMATIQUES SVT SCIENCES_INGENIEUR",72
2021,"Première","ARTS_PLA NUMERIQUE_SCIENCES_INFORMATIQUES SES",71
2021,"Première","HISTOIRE_GEO_POLITIQUE LANGUES_LITTERATURE LITTERATURE_LCA_LATIN",70
2021,"Première","THEATRE LANGUES_LITTERATURE MATHS",70
2021,"Première","CINEMA SVT SES",69
2021,"Première","DANSE HISTOIRE_GEO_POLITIQUE HUMANITES_LITTERATURE_PHILO",67
2021,"Première","CINEMA HISTOIRE_GEO_POLITIQUE MATHS",65
2021,"Première","MUSIQUE HUMANITES_LITTERATURE_PHILO SES",64
2021,"Première","MUSIQUE HUMANITES_LITTERATURE_PHILO MATHS",62
2021,"Première","CINEMA LANGUES_LITTERATURE PHYSIQUE_CHIMIE",61
2021,"Première","ARTS_PLA LANGUES_LITTERATURE PHYSIQUE_CHIMIE",60
2021,"Première","THEATRE HUMANITES_LITTERATURE_PHILO MATHS",60
2021,"Première","THEATRE MATHS SES",58
2021,"Première","THEATRE MATHS SVT",56
2021,"Première","LANGUES_LITTERATURE SCIENCES_INGENIEUR SES",54
2021,"Première","HISTOIRE_DES_ARTS HUMANITES_LITTERATURE_PHILO MATHS",53
2021,"Première","MUSIQUE MATHS SES",52
2021,"Première","MUSIQUE MATHS SVT",52
2021,"Première","THEATRE HUMANITES_LITTERATURE_PHILO SVT",52
2021,"Première","HISTOIRE_DES_ARTS HISTOIRE_GEO_POLITIQUE MATHS",50
2021,"Première","HISTOIRE_DES_ARTS MATHS SVT",50
2021,"Première","ARTS_PLA HISTOIRE_GEO_POLITIQUE NUMERIQUE_SCIENCES_INFORMATIQUES",48
2021,"Première","HISTOIRE_GEO_POLITIQUE NUMERIQUE_SCIENCES_INFORMATIQUES PHYSIQUE_CHIMIE",48
2021,"Première","CINEMA HUMANITES_LITTERATURE_PHILO SVT",46
2021,"Première","CINEMA PHYSIQUE_CHIMIE SVT",46
2021,"Première","HUMANITES_LITTERATURE_PHILO NUMERIQUE_SCIENCES_INFORMATIQUES SVT",46
2021,"Première","LITTERATURE_LCA_LATIN MATHS PHYSIQUE_CHIMIE",45
2021,"Première","HISTOIRE_DES_ARTS LANGUES_LITTERATURE SVT",43
2021,"Première","LANGUES_LITTERATURE PHYSIQUE_CHIMIE SCIENCES_INGENIEUR",43
2021,"Première","MUSIQUE HISTOIRE_GEO_POLITIQUE MATHS",43
2021,"Première","THEATRE PHYSIQUE_CHIMIE SVT",43
2021,"Première","LANGUES_LITTERATURE SVT SCIENCES_INGENIEUR",42
2021,"Première","THEATRE LANGUES_LITTERATURE SVT",42
2021,"Première","ARTS_PLA HUMANITES_LITTERATURE_PHILO NUMERIQUE_SCIENCES_INFORMATIQUES",41
2021,"Première","MUSIQUE PHYSIQUE_CHIMIE SVT",41
2021,"Première","MUSIQUE LANGUES_LITTERATURE SVT",40
2021,"Première","THEATRE HISTOIRE_GEO_POLITIQUE MATHS",40
2021,"Première","HISTOIRE_DES_ARTS HUMANITES_LITTERATURE_PHILO SVT",38
2021,"Première","PHYSIQUE_CHIMIE SCIENCES_INGENIEUR SES",38
2021,"Première","THEATRE HISTOIRE_GEO_POLITIQUE SVT",38
2021,"Première","CINEMA HISTOIRE_GEO_POLITIQUE SVT",37
2021,"Première","THEATRE SVT SES",36
2021,"Première","HISTOIRE_GEO_POLITIQUE HUMANITES_LITTERATURE_PHILO LITTERATURE_LCA_GREC",34
2021,"Première","HUMANITES_LITTERATURE_PHILO LANGUES_LITTERATURE LITTERATURE_LCA_GREC",34
2021,"Première","HISTOIRE_GEO_POLITIQUE LITTERATURE_LCA_GREC SES",33
2021,"Première","MUSIQUE SVT SES",33
2021,"Première","CINEMA HUMANITES_LITTERATURE_PHILO PHYSIQUE_CHIMIE",32
2021,"Première","CINEMA NUMERIQUE_SCIENCES_INFORMATIQUES SES",32
2021,"Première","DANSE HISTOIRE_GEO_POLITIQUE SES",32
2021,"Première","HISTOIRE_GEO_POLITIQUE LITTERATURE_LCA_LATIN MATHS",32
2021,"Première","HUMANITES_LITTERATURE_PHILO LITTERATURE_LCA_LATIN MATHS",31
2021,"Première","HUMANITES_LITTERATURE_PHILO MATHS SCIENCES_INGENIEUR",31
2021,"Première","HISTOIRE_DES_ARTS HISTOIRE_GEO_POLITIQUE SVT",30
2021,"Première","HISTOIRE_DES_ARTS LANGUES_LITTERATURE NUMERIQUE_SCIENCES_INFORMATIQUES",30
2021,"Première","HISTOIRE_GEO_POLITIQUE LANGUES_LITTERATURE SCIENCES_INGENIEUR",30
2021,"Première","ARTS_PLA HUMANITES_LITTERATURE_PHILO PHYSIQUE_CHIMIE",29
2021,"Première","HISTOIRE_GEO_POLITIQUE NUMERIQUE_SCIENCES_INFORMATIQUES SCIENCES_INGENIEUR",29
2021,"Première","HUMANITES_LITTERATURE_PHILO LITTERATURE_LCA_LATIN SES",29
2021,"Première","HISTOIRE_GEO_POLITIQUE SVT SCIENCES_INGENIEUR",28
2021,"Première","ARTS_PLA NUMERIQUE_SCIENCES_INFORMATIQUES SVT",27
2021,"Première","ARTS_PLA PHYSIQUE_CHIMIE SES",27
2021,"Première","DANSE LANGUES_LITTERATURE SES",27
2021,"Première","HUMANITES_LITTERATURE_PHILO LITTERATURE_LCA_LATIN LITTERATURE_LCA_GREC",27
2021,"Première","2LLCER HUMANITES_LITTERATURE_PHILO",26
2021,"Première","ARTS_PLA HUMANITES_LITTERATURE_PHILO LITTERATURE_LCA_LATIN",26
2021,"Première","HISTOIRE_DES_ARTS MATHS NUMERIQUE_SCIENCES_INFORMATIQUES",26
2021,"Première","MUSIQUE HUMANITES_LITTERATURE_PHILO SVT",26
2021,"Première","MUSIQUE MATHS NUMERIQUE_SCIENCES_INFORMATIQUES",26
2021,"Première","DANSE MATHS PHYSIQUE_CHIMIE",25
2021,"Première","HISTOIRE_DES_ARTS HUMANITES_LITTERATURE_PHILO LITTERATURE_LCA_LATIN",25
2021,"Première","MUSIQUE HISTOIRE_GEO_POLITIQUE SVT",25
2021,"Première","2LLCER HISTOIRE_GEO_POLITIQUE",24
2021,"Première","DANSE MATHS SVT",24
2021,"Première","LANGUES_LITTERATURE LITTERATURE_LCA_LATIN SES",24
2021,"Première","2LLCER SES",23
2021,"Première","DANSE LANGUES_LITTERATURE SVT",23
2021,"Première","ARTS_DU_CIRQUE HISTOIRE_GEO_POLITIQUE HUMANITES_LITTERATURE_PHILO",22
2021,"Première","HISTOIRE_DES_ARTS SVT SES",22
2021,"Première","CINEMA HISTOIRE_GEO_POLITIQUE PHYSIQUE_CHIMIE",21
2021,"Première","HUMANITES_LITTERATURE_PHILO LANGUES_LITTERATURE SCIENCES_INGENIEUR",21
2021,"Première","HUMANITES_LITTERATURE_PHILO LITTERATURE_LCA_LATIN SVT",21
2021,"Première","CINEMA HUMANITES_LITTERATURE_PHILO NUMERIQUE_SCIENCES_INFORMATIQUES",20
2021,"Première","HUMANITES_LITTERATURE_PHILO LITTERATURE_LCA_GREC SES",20
2021,"Première","LITTERATURE_LCA_GREC MATHS PHYSIQUE_CHIMIE",20
2021,"Première","ARTS_PLA HISTOIRE_GEO_POLITIQUE PHYSIQUE_CHIMIE",19
2021,"Première","HISTOIRE_GEO_POLITIQUE PHYSIQUE_CHIMIE SCIENCES_INGENIEUR",19
2021,"Première","LITTERATURE_LCA_LATIN MATHS SES",19
2021,"Première","LITTERATURE_LCA_LATIN PHYSIQUE_CHIMIE SVT",19
2021,"Première","MUSIQUE LANGUES_LITTERATURE PHYSIQUE_CHIMIE",19
2021,"Première","THEATRE LANGUES_LITTERATURE NUMERIQUE_SCIENCES_INFORMATIQUES",19
2021,"Première","ARTS_PLA NUMERIQUE_SCIENCES_INFORMATIQUES PHYSIQUE_CHIMIE",18
2021,"Première","CINEMA NUMERIQUE_SCIENCES_INFORMATIQUES PHYSIQUE_CHIMIE",18
2021,"Première","HISTOIRE_GEO_POLITIQUE LITTERATURE_LCA_LATIN SVT",18
2021,"Première","ARTS_PLA LANGUES_LITTERATURE SCIENCES_INGENIEUR",17
2021,"Première","ARTS_PLA NUMERIQUE_SCIENCES_INFORMATIQUES SCIENCES_INGENIEUR",17
2021,"Première","DANSE HUMANITES_LITTERATURE_PHILO SVT",17
2021,"Première","DANSE LANGUES_LITTERATURE MATHS",17
2021,"Première","THEATRE MATHS NUMERIQUE_SCIENCES_INFORMATIQUES",17
2021,"Première","CINEMA HISTOIRE_GEO_POLITIQUE NUMERIQUE_SCIENCES_INFORMATIQUES",16
2021,"Première","CINEMA NUMERIQUE_SCIENCES_INFORMATIQUES SVT",16
2021,"Première","CINEMA PHYSIQUE_CHIMIE SES",16
2021,"Première","DANSE MATHS SES",16
2021,"Première","HISTOIRE_DES_ARTS LANGUES_LITTERATURE PHYSIQUE_CHIMIE",16
2021,"Première","HISTOIRE_DES_ARTS PHYSIQUE_CHIMIE SVT",16
2021,"Première","LITTERATURE_LCA_GREC MATHS SES",15
2021,"Première","MUSIQUE LANGUES_LITTERATURE NUMERIQUE_SCIENCES_INFORMATIQUES",15
2021,"Première","ARTS_DU_CIRQUE HUMANITES_LITTERATURE_PHILO LANGUES_LITTERATURE",14
2021,"Première","HISTOIRE_GEO_POLITIQUE LANGUES_LITTERATURE LITTERATURE_LCA_GREC",14
2021,"Première","LITTERATURE_LCA_GREC MATHS SVT",14
2021,"Première","DANSE SVT SES",13
2021,"Première","LANGUES_LITTERATURE LITTERATURE_LCA_LATIN MATHS",13
2021,"Première","LITTERATURE_LCA_LATIN MATHS SVT",13
2021,"Première","MATHS PHYSIQUE_CHIMIE BIOLOGIE_ECOLOGIE",13
2021,"Première","DANSE HISTOIRE_GEO_POLITIQUE MATHS",12
2021,"Première","DANSE HUMANITES_LITTERATURE_PHILO SES",12
2021,"Première","HISTOIRE_GEO_POLITIQUE HUMANITES_LITTERATURE_PHILO SCIENCES_INGENIEUR",12
2021,"Première","HUMANITES_LITTERATURE_PHILO NUMERIQUE_SCIENCES_INFORMATIQUES PHYSIQUE_CHIMIE",12
2021,"Première","MUSIQUE HUMANITES_LITTERATURE_PHILO NUMERIQUE_SCIENCES_INFORMATIQUES",12
2021,"Première","THEATRE LANGUES_LITTERATURE PHYSIQUE_CHIMIE",12
2021,"Première","2LLCER SVT",11
2021,"Première","DANSE PHYSIQUE_CHIMIE SVT",11
2021,"Première","HISTOIRE_DES_ARTS HISTOIRE_GEO_POLITIQUE PHYSIQUE_CHIMIE",11
2021,"Première","HISTOIRE_DES_ARTS MATHS SCIENCES_INGENIEUR",11
2021,"Première","HUMANITES_LITTERATURE_PHILO NUMERIQUE_SCIENCES_INFORMATIQUES SCIENCES_INGENIEUR",11
2021,"Première","LITTERATURE_LCA_LATIN SVT SES",11
2021,"Première","MUSIQUE HUMANITES_LITTERATURE_PHILO PHYSIQUE_CHIMIE",11
2021,"Première","THEATRE HUMANITES_LITTERATURE_PHILO PHYSIQUE_CHIMIE",11
2021,"Première","CINEMA MATHS SCIENCES_INGENIEUR",10
2021,"Première","ARTS_DU_CIRQUE HISTOIRE_GEO_POLITIQUE LANGUES_LITTERATURE",9
2021,"Première","CINEMA NUMERIQUE_SCIENCES_INFORMATIQUES SCIENCES_INGENIEUR",9
2021,"Première","DANSE HISTOIRE_GEO_POLITIQUE SVT",9
2021,"Première","HUMANITES_LITTERATURE_PHILO SCIENCES_INGENIEUR SES",9
2021,"Première","MUSIQUE NUMERIQUE_SCIENCES_INFORMATIQUES PHYSIQUE_CHIMIE",9
2021,"Première","THEATRE HUMANITES_LITTERATURE_PHILO NUMERIQUE_SCIENCES_INFORMATIQUES",9
2021,"Première","THEATRE NUMERIQUE_SCIENCES_INFORMATIQUES SES",9
2021,"Première","2LLCER MATHS",8
2021,"Première","ARTS_PLA LANGUES_LITTERATURE LITTERATURE_LCA_LATIN",8
2021,"Première","DANSE HUMANITES_LITTERATURE_PHILO MATHS",8
2021,"Première","HISTOIRE_DES_ARTS HISTOIRE_GEO_POLITIQUE LITTERATURE_LCA_LATIN",8
2021,"Première","HUMANITES_LITTERATURE_PHILO PHYSIQUE_CHIMIE SCIENCES_INGENIEUR",8
2021,"Première","LITTERATURE_LCA_GREC MATHS NUMERIQUE_SCIENCES_INFORMATIQUES",8
2021,"Première","MUSIQUE PHYSIQUE_CHIMIE SES",8
2021,"Première","ARTS_DU_CIRQUE HUMANITES_LITTERATURE_PHILO SVT",7
2021,"Première","ARTS_PLA CINEMA LANGUES_LITTERATURE",7
2021,"Première","ARTS_PLA HISTOIRE_GEO_POLITIQUE LITTERATURE_LCA_LATIN",7
2021,"Première","HUMANITES_LITTERATURE_PHILO LITTERATURE_LCA_GREC MATHS",7
2021,"Première","LANGUES_LITTERATURE LITTERATURE_LCA_LATIN SVT",7
2021,"Première","MUSIQUE MATHS SCIENCES_INGENIEUR",7
2021,"Première","MUSIQUE NUMERIQUE_SCIENCES_INFORMATIQUES SVT",7
2021,"Première","THEATRE NUMERIQUE_SCIENCES_INFORMATIQUES SVT",7
2021,"Première","ARTS_DU_CIRQUE HISTOIRE_GEO_POLITIQUE SVT",6
2021,"Première","ARTS_DU_CIRQUE LANGUES_LITTERATURE MATHS",6
2021,"Première","ARTS_PLA HISTOIRE_GEO_POLITIQUE SCIENCES_INGENIEUR",6
2021,"Première","CINEMA LANGUES_LITTERATURE SCIENCES_INGENIEUR",6
2021,"Première","HISTOIRE_DES_ARTS HUMANITES_LITTERATURE_PHILO NUMERIQUE_SCIENCES_INFORMATIQUES",6
2021,"Première","HUMANITES_LITTERATURE_PHILO LITTERATURE_LCA_GREC SVT",6
2021,"Première","HUMANITES_LITTERATURE_PHILO SVT SCIENCES_INGENIEUR",6
2021,"Première","LANGUES_LITTERATURE LITTERATURE_LCA_LATIN PHYSIQUE_CHIMIE",6
2021,"Première","LITTERATURE_LCA_GREC PHYSIQUE_CHIMIE SVT",6
2021,"Première","THEATRE PHYSIQUE_CHIMIE SES",6
2021,"Première","ARTS_DU_CIRQUE HUMANITES_LITTERATURE_PHILO MATHS",5
2021,"Première","ARTS_DU_CIRQUE SVT SES",5
2021,"Première","ARTS_PLA HUMANITES_LITTERATURE_PHILO SCIENCES_INGENIEUR",5
2021,"Première","ARTS_PLA SVT SCIENCES_INGENIEUR",5
2021,"Première","HISTOIRE_DES_ARTS HUMANITES_LITTERATURE_PHILO PHYSIQUE_CHIMIE",5
2021,"Première","HISTOIRE_DES_ARTS PHYSIQUE_CHIMIE SES",5
2021,"Première","HISTOIRE_DES_ARTS THEATRE HUMANITES_LITTERATURE_PHILO",5
2021,"Première","LITTERATURE_LCA_LATIN MATHS NUMERIQUE_SCIENCES_INFORMATIQUES",5
2021,"Première","THEATRE HISTOIRE_GEO_POLITIQUE PHYSIQUE_CHIMIE",5
2021,"Première","THEATRE HUMANITES_LITTERATURE_PHILO LITTERATURE_LCA_GREC",5
2021,"Première","ARTS_PLA HUMANITES_LITTERATURE_PHILO LITTERATURE_LCA_GREC",4
2021,"Première","ARTS_PLA LANGUES_LITTERATURE LITTERATURE_LCA_GREC",4
2021,"Première","ARTS_PLA PHYSIQUE_CHIMIE SCIENCES_INGENIEUR",4
2021,"Première","CINEMA SCIENCES_INGENIEUR SES",4
2021,"Première","HISTOIRE_DES_ARTS LANGUES_LITTERATURE LITTERATURE_LCA_LATIN",4
2021,"Première","HISTOIRE_DES_ARTS LITTERATURE_LCA_LATIN SES",4
2021,"Première","HISTOIRE_DES_ARTS NUMERIQUE_SCIENCES_INFORMATIQUES SES",4
2021,"Première","HISTOIRE_GEO_POLITIQUE LITTERATURE_LCA_GREC SVT",4
2021,"Première","HISTOIRE_GEO_POLITIQUE LITTERATURE_LCA_LATIN NUMERIQUE_SCIENCES_INFORMATIQUES",4
2021,"Première","HISTOIRE_GEO_POLITIQUE MATHS BIOLOGIE_ECOLOGIE",4
2021,"Première","MUSIQUE HISTOIRE_GEO_POLITIQUE PHYSIQUE_CHIMIE",4
2021,"Première","THEATRE LANGUES_LITTERATURE LITTERATURE_LCA_LATIN",4
2021,"Première","2LLCER ARTS_PLA",3
2021,"Première","2LLCER CINEMA",3
2021,"Première","ARTS_DU_CIRQUE MATHS PHYSIQUE_CHIMIE",3
2021,"Première","ARTS_PLA SCIENCES_INGENIEUR SES",3
2021,"Première","CINEMA THEATRE LANGUES_LITTERATURE",3
2021,"Première","HISTOIRE_DES_ARTS NUMERIQUE_SCIENCES_INFORMATIQUES PHYSIQUE_CHIMIE",3
2021,"Première","HISTOIRE_DES_ARTS NUMERIQUE_SCIENCES_INFORMATIQUES SVT",3
2021,"Première","HISTOIRE_GEO_POLITIQUE LITTERATURE_LCA_GREC MATHS",3
2021,"Première","HISTOIRE_GEO_POLITIQUE LITTERATURE_LCA_LATIN PHYSIQUE_CHIMIE",3
2021,"Première","HISTOIRE_GEO_POLITIQUE SES BIOLOGIE_ECOLOGIE",3
2021,"Première","HUMANITES_LITTERATURE_PHILO LITTERATURE_LCA_LATIN NUMERIQUE_SCIENCES_INFORMATIQUES",3
2021,"Première","LANGUES_LITTERATURE LITTERATURE_LCA_GREC SES",3
2021,"Première","LITTERATURE_LCA_GREC SVT SES",3
2021,"Première","MUSIQUE HISTOIRE_GEO_POLITIQUE LITTERATURE_LCA_LATIN",3
2021,"Première","MUSIQUE NUMERIQUE_SCIENCES_INFORMATIQUES SES",3
2021,"Première","THEATRE HISTOIRE_GEO_POLITIQUE NUMERIQUE_SCIENCES_INFORMATIQUES",3
2021,"Première","THEATRE HUMANITES_LITTERATURE_PHILO LITTERATURE_LCA_LATIN",3
2021,"Première","THEATRE MATHS SCIENCES_INGENIEUR",3
2021,"Première","2LLCER LITTERATURE_LCA_LATIN",2
2021,"Première","2LLCER NUMERIQUE_SCIENCES_INFORMATIQUES",2
2021,"Première","ARTS_DU_CIRQUE HISTOIRE_GEO_POLITIQUE MATHS",2
2021,"Première","ARTS_DU_CIRQUE HISTOIRE_GEO_POLITIQUE SES",2
2021,"Première","ARTS_PLA LITTERATURE_LCA_GREC MATHS",2
2021,"Première","ARTS_PLA LITTERATURE_LCA_GREC SVT",2
2021,"Première","ARTS_PLA MUSIQUE LANGUES_LITTERATURE",2
2021,"Première","ARTS_PLA THEATRE HISTOIRE_GEO_POLITIQUE",2
2021,"Première","ARTS_PLA THEATRE SES",2
2021,"Première","CINEMA HISTOIRE_DES_ARTS HUMANITES_LITTERATURE_PHILO",2
2021,"Première","CINEMA SVT SCIENCES_INGENIEUR",2
2021,"Première","CINEMA THEATRE HUMANITES_LITTERATURE_PHILO",2
2021,"Première","DANSE LANGUES_LITTERATURE NUMERIQUE_SCIENCES_INFORMATIQUES",2
2021,"Première","DANSE LANGUES_LITTERATURE PHYSIQUE_CHIMIE",2
2021,"Première","DANSE MATHS NUMERIQUE_SCIENCES_INFORMATIQUES",2
2021,"Première","DANSE MATHS SCIENCES_INGENIEUR",2
2021,"Première","HISTOIRE_DES_ARTS HISTOIRE_GEO_POLITIQUE NUMERIQUE_SCIENCES_INFORMATIQUES",2
2021,"Première","HISTOIRE_DES_ARTS LITTERATURE_LCA_LATIN MATHS",2
2021,"Première","HISTOIRE_DES_ARTS SCIENCES_INGENIEUR SES",2
2021,"Première","HUMANITES_LITTERATURE_PHILO LITTERATURE_LCA_GREC NUMERIQUE_SCIENCES_INFORMATIQUES",2
2021,"Première","LANGUES_LITTERATURE LITTERATURE_LCA_GREC MATHS",2
2021,"Première","LANGUES_LITTERATURE LITTERATURE_LCA_GREC SVT",2
2021,"Première","LANGUES_LITTERATURE LITTERATURE_LCA_LATIN NUMERIQUE_SCIENCES_INFORMATIQUES",2
2021,"Première","LITTERATURE_LCA_LATIN LITTERATURE_LCA_GREC SVT",2
2021,"Première","LITTERATURE_LCA_LATIN NUMERIQUE_SCIENCES_INFORMATIQUES SES",2
2021,"Première","MUSIQUE HUMANITES_LITTERATURE_PHILO LITTERATURE_LCA_LATIN",2
2021,"Première","MUSIQUE NUMERIQUE_SCIENCES_INFORMATIQUES SCIENCES_INGENIEUR",2
2021,"Première","THEATRE HISTOIRE_GEO_POLITIQUE LITTERATURE_LCA_LATIN",2
2021,"Première","2LLCER PHYSIQUE_CHIMIE",1
2021,"Première","2LLCER THEATRE",1
2021,"Première","ARTS_DU_CIRQUE HUMANITES_LITTERATURE_PHILO SES",1
2021,"Première","ARTS_DU_CIRQUE LANGUES_LITTERATURE NUMERIQUE_SCIENCES_INFORMATIQUES",1
2021,"Première","ARTS_DU_CIRQUE LANGUES_LITTERATURE SES",1
2021,"Première","ARTS_DU_CIRQUE LANGUES_LITTERATURE SVT",1
2021,"Première","ARTS_DU_CIRQUE MATHS NUMERIQUE_SCIENCES_INFORMATIQUES",1
2021,"Première","ARTS_DU_CIRQUE MATHS SES",1
2021,"Première","ARTS_DU_CIRQUE MATHS SVT",1
2021,"Première","ARTS_DU_CIRQUE PHYSIQUE_CHIMIE SES",1
2021,"Première","ARTS_DU_CIRQUE PHYSIQUE_CHIMIE SVT",1
2021,"Première","ARTS_PLA ARTS_DU_CIRQUE HUMANITES_LITTERATURE_PHILO",1
2021,"Première","ARTS_PLA ARTS_DU_CIRQUE LANGUES_LITTERATURE",1
2021,"Première","ARTS_PLA CINEMA HUMANITES_LITTERATURE_PHILO",1
2021,"Première","ARTS_PLA CINEMA MATHS",1
2021,"Première","ARTS_PLA CINEMA NUMERIQUE_SCIENCES_INFORMATIQUES",1
2021,"Première","ARTS_PLA HISTOIRE_DES_ARTS HUMANITES_LITTERATURE_PHILO",1
2021,"Première","ARTS_PLA HISTOIRE_DES_ARTS LANGUES_LITTERATURE",1
2021,"Première","ARTS_PLA LITTERATURE_LCA_GREC SES",1
2021,"Première","ARTS_PLA LITTERATURE_LCA_LATIN SES",1
2021,"Première","ARTS_PLA LITTERATURE_LCA_LATIN SVT",1
2021,"Première","ARTS_PLA MUSIQUE HISTOIRE_GEO_POLITIQUE",1
2021,"Première","ARTS_PLA MUSIQUE SVT",1
2021,"Première","ARTS_PLA THEATRE LANGUES_LITTERATURE",1
2021,"Première","ARTS_PLA THEATRE SVT",1
2021,"Première","CINEMA HISTOIRE_DES_ARTS HISTOIRE_GEO_POLITIQUE",1
2021,"Première","CINEMA HISTOIRE_DES_ARTS NUMERIQUE_SCIENCES_INFORMATIQUES",1
2021,"Première","CINEMA HISTOIRE_DES_ARTS SES",1
2021,"Première","CINEMA HISTOIRE_DES_ARTS SVT",1
2021,"Première","CINEMA HISTOIRE_GEO_POLITIQUE LITTERATURE_LCA_LATIN",1
2021,"Première","CINEMA HISTOIRE_GEO_POLITIQUE SCIENCES_INGENIEUR",1
2021,"Première","CINEMA HUMANITES_LITTERATURE_PHILO LITTERATURE_LCA_GREC",1
2021,"Première","CINEMA LITTERATURE_LCA_LATIN SVT",1
2021,"Première","CINEMA PHYSIQUE_CHIMIE SCIENCES_INGENIEUR",1
2021,"Première","DANSE HUMANITES_LITTERATURE_PHILO LITTERATURE_LCA_LATIN",1
2021,"Première","DANSE HUMANITES_LITTERATURE_PHILO NUMERIQUE_SCIENCES_INFORMATIQUES",1
2021,"Première","DANSE HUMANITES_LITTERATURE_PHILO PHYSIQUE_CHIMIE",1
2021,"Première","DANSE LANGUES_LITTERATURE LITTERATURE_LCA_LATIN",1
2021,"Première","DANSE LITTERATURE_LCA_LATIN SES",1
2021,"Première","DANSE NUMERIQUE_SCIENCES_INFORMATIQUES SES",1
2021,"Première","DANSE NUMERIQUE_SCIENCES_INFORMATIQUES SVT",1
2021,"Première","DANSE PHYSIQUE_CHIMIE SES",1
2021,"Première","HISTOIRE_DES_ARTS HISTOIRE_GEO_POLITIQUE LITTERATURE_LCA_GREC",1
2021,"Première","HISTOIRE_DES_ARTS HISTOIRE_GEO_POLITIQUE SCIENCES_INGENIEUR",1
2021,"Première","HISTOIRE_DES_ARTS HUMANITES_LITTERATURE_PHILO LITTERATURE_LCA_GREC",1
2021,"Première","HISTOIRE_DES_ARTS LANGUES_LITTERATURE LITTERATURE_LCA_GREC",1
2021,"Première","HISTOIRE_DES_ARTS LANGUES_LITTERATURE SCIENCES_INGENIEUR",1
2021,"Première","HISTOIRE_DES_ARTS LITTERATURE_LCA_GREC SVT",1
2021,"Première","HISTOIRE_DES_ARTS LITTERATURE_LCA_LATIN NUMERIQUE_SCIENCES_INFORMATIQUES",1
2021,"Première","HISTOIRE_DES_ARTS MUSIQUE HISTOIRE_GEO_POLITIQUE",1
2021,"Première","HISTOIRE_DES_ARTS MUSIQUE HUMANITES_LITTERATURE_PHILO",1
2021,"Première","HISTOIRE_DES_ARTS MUSIQUE LANGUES_LITTERATURE",1
2021,"Première","HISTOIRE_DES_ARTS MUSIQUE PHYSIQUE_CHIMIE",1
2021,"Première","HISTOIRE_DES_ARTS MUSIQUE SVT",1
2021,"Première","HISTOIRE_DES_ARTS NUMERIQUE_SCIENCES_INFORMATIQUES SCIENCES_INGENIEUR",1
2021,"Première","HISTOIRE_DES_ARTS THEATRE LANGUES_LITTERATURE",1
2021,"Première","HISTOIRE_GEO_POLITIQUE PHYSIQUE_CHIMIE BIOLOGIE_ECOLOGIE",1
2021,"Première","LANGUES_LITTERATURE LITTERATURE_LCA_GREC NUMERIQUE_SCIENCES_INFORMATIQUES",1
2021,"Première","LITTERATURE_LCA_GREC NUMERIQUE_SCIENCES_INFORMATIQUES SVT",1
2021,"Première","LITTERATURE_LCA_GREC PHYSIQUE_CHIMIE SES",1
2021,"Première","LITTERATURE_LCA_LATIN MATHS SCIENCES_INGENIEUR",1
2021,"Première","LITTERATURE_LCA_LATIN PHYSIQUE_CHIMIE SES",1
2021,"Première","MUSIQUE HISTOIRE_GEO_POLITIQUE NUMERIQUE_SCIENCES_INFORMATIQUES",1
2021,"Première","MUSIQUE LANGUES_LITTERATURE LITTERATURE_LCA_GREC",1
2021,"Première","MUSIQUE LANGUES_LITTERATURE LITTERATURE_LCA_LATIN",1
2021,"Première","MUSIQUE PHYSIQUE_CHIMIE SCIENCES_INGENIEUR",1
2021,"Première","PHYSIQUE_CHIMIE SVT BIOLOGIE_ECOLOGIE",1
2021,"Première","THEATRE LANGUES_LITTERATURE SCIENCES_INGENIEUR",1
2021,"Première","THEATRE NUMERIQUE_SCIENCES_INFORMATIQUES PHYSIQUE_CHIMIE",1
2021,"Première","THEATRE SCIENCES_INGENIEUR SES",1
2021,"Première","THEATRE SVT SCIENCES_INGENIEUR",1
2021,"Terminale","MATHS PHYSIQUE_CHIMIE",73449
2021,"Terminale","HISTOIRE_GEO_POLITIQUE SES",54788
2021,"Terminale","PHYSIQUE_CHIMIE SVT",48339
2021,"Terminale","MATHS SVT",27163
2021,"Terminale","MATHS SES",24677
2021,"Terminale","LANGUES_LITTERATURE SES",22003
2021,"Terminale","HISTOIRE_GEO_POLITIQUE LANGUES_LITTERATURE",17745
2021,"Terminale","HISTOIRE_GEO_POLITIQUE HUMANITES_LITTERATURE_PHILO",11523
2021,"Terminale","SVT SES",11265
2021,"Terminale","HUMANITES_LITTERATURE_PHILO LANGUES_LITTERATURE",9772
2021,"Terminale","MATHS NUMERIQUE_SCIENCES_INFORMATIQUES",9328
2021,"Terminale","HUMANITES_LITTERATURE_PHILO SES",6301
2021,"Terminale","HISTOIRE_GEO_POLITIQUE MATHS",6156
2021,"Terminale","MATHS SCIENCES_INGENIEUR",5957
2021,"Terminale","HISTOIRE_GEO_POLITIQUE SVT",5151
2021,"Terminale","LANGUES_LITTERATURE SVT",5022
2021,"Terminale","LANGUES_LITTERATURE MATHS",4989
2021,"Terminale","ARTS_PLA LANGUES_LITTERATURE",3349
2021,"Terminale","HUMANITES_LITTERATURE_PHILO SVT",2283
2021,"Terminale","ARTS_PLA HUMANITES_LITTERATURE_PHILO",1707
2021,"Terminale","ARTS_PLA HISTOIRE_GEO_POLITIQUE",1366
2021,"Terminale","CINEMA LANGUES_LITTERATURE",1202
2021,"Terminale","ARTS_PLA SES",1164
2021,"Terminale","ARTS_PLA MATHS",1045
2021,"Terminale","HUMANITES_LITTERATURE_PHILO MATHS",1016
2021,"Terminale","PHYSIQUE_CHIMIE SES",1012
2021,"Terminale","LANGUES_LITTERATURE PHYSIQUE_CHIMIE",1007
2021,"Terminale","LANGUES_LITTERATURE NUMERIQUE_SCIENCES_INFORMATIQUES",980
2021,"Terminale","NUMERIQUE_SCIENCES_INFORMATIQUES SES",954
2021,"Terminale","THEATRE LANGUES_LITTERATURE",733
2021,"Terminale","NUMERIQUE_SCIENCES_INFORMATIQUES PHYSIQUE_CHIMIE",720
2021,"Terminale","HISTOIRE_GEO_POLITIQUE PHYSIQUE_CHIMIE",636
2021,"Terminale","PHYSIQUE_CHIMIE SCIENCES_INGENIEUR",628
2021,"Terminale","NUMERIQUE_SCIENCES_INFORMATIQUES SVT",622
2021,"Terminale","HISTOIRE_DES_ARTS LANGUES_LITTERATURE",615
2021,"Terminale","CINEMA HUMANITES_LITTERATURE_PHILO",565
2021,"Terminale","CINEMA HISTOIRE_GEO_POLITIQUE",562
2021,"Terminale","THEATRE HUMANITES_LITTERATURE_PHILO",546
2021,"Terminale","CINEMA SES",485
2021,"Terminale","ARTS_PLA SVT",475
2021,"Terminale","NUMERIQUE_SCIENCES_INFORMATIQUES SCIENCES_INGENIEUR",466
2021,"Terminale","MUSIQUE LANGUES_LITTERATURE",455
2021,"Terminale","HISTOIRE_DES_ARTS HISTOIRE_GEO_POLITIQUE",407
2021,"Terminale","THEATRE HISTOIRE_GEO_POLITIQUE",382
2021,"Terminale","HISTOIRE_DES_ARTS HUMANITES_LITTERATURE_PHILO",378
2021,"Terminale","HISTOIRE_GEO_POLITIQUE NUMERIQUE_SCIENCES_INFORMATIQUES",312
2021,"Terminale","MUSIQUE HUMANITES_LITTERATURE_PHILO",274
2021,"Terminale","ARTS_PLA NUMERIQUE_SCIENCES_INFORMATIQUES",264
2021,"Terminale","CINEMA MATHS",254
2021,"Terminale","THEATRE SES",249
2021,"Terminale","HISTOIRE_DES_ARTS SES",244
2021,"Terminale","MUSIQUE HISTOIRE_GEO_POLITIQUE",239
2021,"Terminale","ARTS_PLA PHYSIQUE_CHIMIE",233
2021,"Terminale","SVT SCIENCES_INGENIEUR",197
2021,"Terminale","HUMANITES_LITTERATURE_PHILO PHYSIQUE_CHIMIE",191
2021,"Terminale","CINEMA PHYSIQUE_CHIMIE",165
2021,"Terminale","HUMANITES_LITTERATURE_PHILO LITTERATURE_LCA_LATIN",161
2021,"Terminale","MUSIQUE MATHS",135
2021,"Terminale","MUSIQUE SES",129
2021,"Terminale","DANSE LANGUES_LITTERATURE",128
2021,"Terminale","HISTOIRE_DES_ARTS MATHS",122
2021,"Terminale","LANGUES_LITTERATURE SCIENCES_INGENIEUR",119
2021,"Terminale","SCIENCES_INGENIEUR SES",119
2021,"Terminale","CINEMA SVT",107
2021,"Terminale","THEATRE SVT",102
2021,"Terminale","HUMANITES_LITTERATURE_PHILO NUMERIQUE_SCIENCES_INFORMATIQUES",100
2021,"Terminale","CINEMA NUMERIQUE_SCIENCES_INFORMATIQUES",92
2021,"Terminale","LANGUES_LITTERATURE LITTERATURE_LCA_LATIN",85
2021,"Terminale","HISTOIRE_GEO_POLITIQUE LITTERATURE_LCA_LATIN",82
2021,"Terminale","MUSIQUE PHYSIQUE_CHIMIE",79
2021,"Terminale","DANSE HISTOIRE_GEO_POLITIQUE",73
2021,"Terminale","THEATRE MATHS",72
2021,"Terminale","MUSIQUE SVT",68
2021,"Terminale","DANSE HUMANITES_LITTERATURE_PHILO",65
2021,"Terminale","HISTOIRE_DES_ARTS SVT",59
2021,"Terminale","HISTOIRE_GEO_POLITIQUE SCIENCES_INGENIEUR",59
2021,"Terminale","DANSE SES",49
2021,"Terminale","DANSE SVT",47
2021,"Terminale","HUMANITES_LITTERATURE_PHILO LITTERATURE_LCA_GREC",45
2021,"Terminale","ARTS_PLA SCIENCES_INGENIEUR",37
2021,"Terminale","HISTOIRE_DES_ARTS PHYSIQUE_CHIMIE",37
2021,"Terminale","THEATRE PHYSIQUE_CHIMIE",36
2021,"Terminale","ARTS_DU_CIRQUE LANGUES_LITTERATURE",26
2021,"Terminale","LANGUES_LITTERATURE LITTERATURE_LCA_GREC",26
2021,"Terminale","MUSIQUE NUMERIQUE_SCIENCES_INFORMATIQUES",25
2021,"Terminale","DANSE MATHS",22
2021,"Terminale","LITTERATURE_LCA_LATIN SVT",21
2021,"Terminale","ARTS_DU_CIRQUE HISTOIRE_GEO_POLITIQUE",20
2021,"Terminale","HISTOIRE_GEO_POLITIQUE LITTERATURE_LCA_GREC",20
2021,"Terminale","THEATRE NUMERIQUE_SCIENCES_INFORMATIQUES",17
2021,"Terminale","HISTOIRE_DES_ARTS NUMERIQUE_SCIENCES_INFORMATIQUES",15
2021,"Terminale","LITTERATURE_LCA_LATIN SES",15
2021,"Terminale","ARTS_PLA LITTERATURE_LCA_LATIN",14
2021,"Terminale","ARTS_DU_CIRQUE HUMANITES_LITTERATURE_PHILO",13
2021,"Terminale","ARTS_DU_CIRQUE SVT",13
2021,"Terminale","HUMANITES_LITTERATURE_PHILO SCIENCES_INGENIEUR",13
2021,"Terminale","PHYSIQUE_CHIMIE BIOLOGIE_ECOLOGIE",11
2021,"Terminale","LITTERATURE_LCA_LATIN MATHS",10
2021,"Terminale","DANSE PHYSIQUE_CHIMIE",8
2021,"Terminale","LITTERATURE_LCA_GREC SVT",8
2021,"Terminale","ARTS_DU_CIRQUE SES",5
2021,"Terminale","ARTS_DU_CIRQUE MATHS",4
2021,"Terminale","CINEMA SCIENCES_INGENIEUR",4
2021,"Terminale","HISTOIRE_GEO_POLITIQUE BIOLOGIE_ECOLOGIE",4
2021,"Terminale","LITTERATURE_LCA_GREC SES",4
2021,"Terminale","LITTERATURE_LCA_LATIN PHYSIQUE_CHIMIE",4
2021,"Terminale","ARTS_DU_CIRQUE PHYSIQUE_CHIMIE",3
2021,"Terminale","ARTS_PLA LITTERATURE_LCA_GREC",3
2021,"Terminale","THEATRE LITTERATURE_LCA_LATIN",3
2021,"Terminale","HISTOIRE_DES_ARTS SCIENCES_INGENIEUR",2
2021,"Terminale","MUSIQUE LITTERATURE_LCA_GREC",2
2021,"Terminale","MUSIQUE LITTERATURE_LCA_LATIN",2
2021,"Terminale","MUSIQUE SCIENCES_INGENIEUR",2
2021,"Terminale","THEATRE LITTERATURE_LCA_GREC",2
2021,"Terminale","ARTS_DU_CIRQUE NUMERIQUE_SCIENCES_INFORMATIQUES",1
2021,"Terminale","CINEMA LITTERATURE_LCA_LATIN",1
2021,"Terminale","DANSE NUMERIQUE_SCIENCES_INFORMATIQUES",1
2021,"Terminale","DANSE SCIENCES_INGENIEUR",1
2021,"Terminale","HISTOIRE_DES_ARTS LITTERATURE_LCA_GREC",1
2021,"Terminale","HISTOIRE_DES_ARTS LITTERATURE_LCA_LATIN",1
2021,"Terminale","LITTERATURE_LCA_GREC MATHS",1
2021,"Terminale","LITTERATURE_LCA_GREC NUMERIQUE_SCIENCES_INFORMATIQUES",1
2021,"Terminale","LITTERATURE_LCA_GREC PHYSIQUE_CHIMIE",1
2021,"Terminale","LITTERATURE_LCA_LATIN NUMERIQUE_SCIENCES_INFORMATIQUES",1
2021,"Terminale","SVT BIOLOGIE_ECOLOGIE",1
2022,"Première","MATHS PHYSIQUE_CHIMIE SVT",92041
2022,"Première","HISTOIRE_GEO_POLITIQUE LANGUES_LITTERATURE SES",31429
2022,"Première","HISTOIRE_GEO_POLITIQUE MATHS SES",29527
2022,"Première","HISTOIRE_GEO_POLITIQUE HUMANITES_LITTERATURE_PHILO SES",22837
2022,"Première","MATHS NUMERIQUE_SCIENCES_INFORMATIQUES PHYSIQUE_CHIMIE",16602
2022,"Première","HISTOIRE_GEO_POLITIQUE HUMANITES_LITTERATURE_PHILO LANGUES_LITTERATURE",15686
2022,"Première","MATHS PHYSIQUE_CHIMIE SCIENCES_INGENIEUR",14764
2022,"Première","MATHS PHYSIQUE_CHIMIE SES",14683
2022,"Première","LANGUES_LITTERATURE MATHS SES",12724
2022,"Première","MATHS SVT SES",11382
2022,"Première","HISTOIRE_GEO_POLITIQUE SVT SES",9737
2022,"Première","HUMANITES_LITTERATURE_PHILO LANGUES_LITTERATURE SES",8950
2022,"Première","LANGUES_LITTERATURE MATHS PHYSIQUE_CHIMIE",8685
2022,"Première","HISTOIRE_GEO_POLITIQUE MATHS PHYSIQUE_CHIMIE",6499
2022,"Première","LANGUES_LITTERATURE SVT SES",4261
2022,"Première","LANGUES_LITTERATURE MATHS SVT",4009
2022,"Première","HISTOIRE_GEO_POLITIQUE MATHS SVT",3762
2022,"Première","HISTOIRE_GEO_POLITIQUE LANGUES_LITTERATURE MATHS",3435
2022,"Première","MATHS NUMERIQUE_SCIENCES_INFORMATIQUES SES",3168
2022,"Première","MATHS NUMERIQUE_SCIENCES_INFORMATIQUES SCIENCES_INGENIEUR",2866
2022,"Première","HUMANITES_LITTERATURE_PHILO SVT SES",2798
2022,"Première","HISTOIRE_GEO_POLITIQUE LANGUES_LITTERATURE SVT",2790
2022,"Première","PHYSIQUE_CHIMIE SVT SES",2729
2022,"Première","ARTS_PLA HUMANITES_LITTERATURE_PHILO LANGUES_LITTERATURE",2592
2022,"Première","HUMANITES_LITTERATURE_PHILO MATHS SES",2353
2022,"Première","HISTOIRE_GEO_POLITIQUE HUMANITES_LITTERATURE_PHILO MATHS",2237
2022,"Première","HUMANITES_LITTERATURE_PHILO LANGUES_LITTERATURE SVT",2208
2022,"Première","HISTOIRE_GEO_POLITIQUE HUMANITES_LITTERATURE_PHILO SVT",2188
2022,"Première","LANGUES_LITTERATURE MATHS NUMERIQUE_SCIENCES_INFORMATIQUES",2140
2022,"Première","LANGUES_LITTERATURE PHYSIQUE_CHIMIE SVT",1931
2022,"Première","HUMANITES_LITTERATURE_PHILO LANGUES_LITTERATURE MATHS",1608
2022,"Première","MATHS NUMERIQUE_SCIENCES_INFORMATIQUES SVT",1569
2022,"Première","HUMANITES_LITTERATURE_PHILO MATHS SVT",1457
2022,"Première","HISTOIRE_GEO_POLITIQUE NUMERIQUE_SCIENCES_INFORMATIQUES SES",1435
2022,"Première","HUMANITES_LITTERATURE_PHILO MATHS PHYSIQUE_CHIMIE",1425
2022,"Première","HISTOIRE_GEO_POLITIQUE PHYSIQUE_CHIMIE SVT",1342
2022,"Première","ARTS_PLA HISTOIRE_GEO_POLITIQUE HUMANITES_LITTERATURE_PHILO",1198
2022,"Première","ARTS_PLA LANGUES_LITTERATURE SES",1099
2022,"Première","ARTS_PLA MATHS PHYSIQUE_CHIMIE",990
2022,"Première","ARTS_PLA HISTOIRE_GEO_POLITIQUE LANGUES_LITTERATURE",976
2022,"Première","LANGUES_LITTERATURE NUMERIQUE_SCIENCES_INFORMATIQUES SES",935
2022,"Première","ARTS_PLA HISTOIRE_GEO_POLITIQUE SES",840
2022,"Première","CINEMA HUMANITES_LITTERATURE_PHILO LANGUES_LITTERATURE",816
2022,"Première","HUMANITES_LITTERATURE_PHILO PHYSIQUE_CHIMIE SVT",786
2022,"Première","THEATRE HUMANITES_LITTERATURE_PHILO LANGUES_LITTERATURE",723
2022,"Première","ARTS_PLA HUMANITES_LITTERATURE_PHILO SES",662
2022,"Première","HISTOIRE_GEO_POLITIQUE PHYSIQUE_CHIMIE SES",659
2022,"Première","MATHS SCIENCES_INGENIEUR SES",653
2022,"Première","HISTOIRE_GEO_POLITIQUE MATHS NUMERIQUE_SCIENCES_INFORMATIQUES",648
2022,"Première","ARTS_PLA LANGUES_LITTERATURE MATHS",613
2022,"Première","HISTOIRE_DES_ARTS HUMANITES_LITTERATURE_PHILO LANGUES_LITTERATURE",582
2022,"Première","HISTOIRE_GEO_POLITIQUE LANGUES_LITTERATURE NUMERIQUE_SCIENCES_INFORMATIQUES",564
2022,"Première","ARTS_PLA MATHS SES",528
2022,"Première","MATHS SVT SCIENCES_INGENIEUR",512
2022,"Première","NUMERIQUE_SCIENCES_INFORMATIQUES SVT SES",492
2022,"Première","CINEMA HISTOIRE_GEO_POLITIQUE SES",491
2022,"Première","CINEMA LANGUES_LITTERATURE SES",474
2022,"Première","CINEMA HISTOIRE_GEO_POLITIQUE LANGUES_LITTERATURE",448
2022,"Première","CINEMA HISTOIRE_GEO_POLITIQUE HUMANITES_LITTERATURE_PHILO",434
2022,"Première","NUMERIQUE_SCIENCES_INFORMATIQUES PHYSIQUE_CHIMIE SVT",428
2022,"Première","LANGUES_LITTERATURE MATHS SCIENCES_INGENIEUR",417
2022,"Première","THEATRE HISTOIRE_GEO_POLITIQUE HUMANITES_LITTERATURE_PHILO",416
2022,"Première","HISTOIRE_DES_ARTS HISTOIRE_GEO_POLITIQUE HUMANITES_LITTERATURE_PHILO",378
2022,"Première","CINEMA MATHS PHYSIQUE_CHIMIE",358
2022,"Première","ARTS_PLA LANGUES_LITTERATURE SVT",348
2022,"Première","LANGUES_LITTERATURE NUMERIQUE_SCIENCES_INFORMATIQUES SVT",347
2022,"Première","LANGUES_LITTERATURE PHYSIQUE_CHIMIE SES",342
2022,"Première","ARTS_PLA MATHS NUMERIQUE_SCIENCES_INFORMATIQUES",334
2022,"Première","HISTOIRE_DES_ARTS HISTOIRE_GEO_POLITIQUE SES",328
2022,"Première","MUSIQUE HUMANITES_LITTERATURE_PHILO LANGUES_LITTERATURE",327
2022,"Première","ARTS_PLA MATHS SVT",325
2022,"Première","HUMANITES_LITTERATURE_PHILO LANGUES_LITTERATURE NUMERIQUE_SCIENCES_INFORMATIQUES",322
2022,"Première","ARTS_PLA HUMANITES_LITTERATURE_PHILO SVT",288
2022,"Première","HISTOIRE_DES_ARTS HISTOIRE_GEO_POLITIQUE LANGUES_LITTERATURE",284
2022,"Première","HISTOIRE_GEO_POLITIQUE LANGUES_LITTERATURE PHYSIQUE_CHIMIE",279
2022,"Première","ARTS_PLA LANGUES_LITTERATURE NUMERIQUE_SCIENCES_INFORMATIQUES",269
2022,"Première","ARTS_PLA HISTOIRE_GEO_POLITIQUE MATHS",261
2022,"Première","THEATRE HISTOIRE_GEO_POLITIQUE SES",260
2022,"Première","ARTS_PLA SVT SES",241
2022,"Première","HISTOIRE_GEO_POLITIQUE NUMERIQUE_SCIENCES_INFORMATIQUES SVT",238
2022,"Première","THEATRE HISTOIRE_GEO_POLITIQUE LANGUES_LITTERATURE",238
2022,"Première","ARTS_PLA HUMANITES_LITTERATURE_PHILO MATHS",230
2022,"Première","CINEMA HUMANITES_LITTERATURE_PHILO SES",216
2022,"Première","MUSIQUE MATHS PHYSIQUE_CHIMIE",210
2022,"Première","THEATRE HUMANITES_LITTERATURE_PHILO SES",210
2022,"Première","HISTOIRE_DES_ARTS LANGUES_LITTERATURE SES",207
2022,"Première","MUSIQUE HISTOIRE_GEO_POLITIQUE HUMANITES_LITTERATURE_PHILO",200
2022,"Première","PHYSIQUE_CHIMIE SVT SCIENCES_INGENIEUR",199
2022,"Première","HUMANITES_LITTERATURE_PHILO LANGUES_LITTERATURE PHYSIQUE_CHIMIE",196
2022,"Première","THEATRE LANGUES_LITTERATURE SES",190
2022,"Première","HISTOIRE_GEO_POLITIQUE HUMANITES_LITTERATURE_PHILO NUMERIQUE_SCIENCES_INFORMATIQUES",189
2022,"Première","ARTS_PLA HISTOIRE_GEO_POLITIQUE SVT",182
2022,"Première","HISTOIRE_GEO_POLITIQUE HUMANITES_LITTERATURE_PHILO LITTERATURE_LCA_LATIN",181
2022,"Première","HISTOIRE_GEO_POLITIQUE MATHS SCIENCES_INGENIEUR",172
2022,"Première","HISTOIRE_GEO_POLITIQUE SCIENCES_INGENIEUR SES",168
2022,"Première","HUMANITES_LITTERATURE_PHILO LANGUES_LITTERATURE LITTERATURE_LCA_LATIN",166
2022,"Première","HUMANITES_LITTERATURE_PHILO NUMERIQUE_SCIENCES_INFORMATIQUES SES",165
2022,"Première","CINEMA LANGUES_LITTERATURE MATHS",161
2022,"Première","MUSIQUE LANGUES_LITTERATURE SES",158
2022,"Première","HUMANITES_LITTERATURE_PHILO MATHS NUMERIQUE_SCIENCES_INFORMATIQUES",153
2022,"Première","LANGUES_LITTERATURE NUMERIQUE_SCIENCES_INFORMATIQUES SCIENCES_INGENIEUR",149
2022,"Première","LANGUES_LITTERATURE NUMERIQUE_SCIENCES_INFORMATIQUES PHYSIQUE_CHIMIE",146
2022,"Première","CINEMA MATHS SES",142
2022,"Première","HISTOIRE_DES_ARTS HUMANITES_LITTERATURE_PHILO SES",141
2022,"Première","MUSIQUE HISTOIRE_GEO_POLITIQUE SES",141
2022,"Première","HISTOIRE_DES_ARTS MATHS PHYSIQUE_CHIMIE",139
2022,"Première","ARTS_PLA PHYSIQUE_CHIMIE SVT",133
2022,"Première","MUSIQUE HISTOIRE_GEO_POLITIQUE LANGUES_LITTERATURE",133
2022,"Première","NUMERIQUE_SCIENCES_INFORMATIQUES PHYSIQUE_CHIMIE SCIENCES_INGENIEUR",132
2022,"Première","NUMERIQUE_SCIENCES_INFORMATIQUES PHYSIQUE_CHIMIE SES",131
2022,"Première","CINEMA MATHS NUMERIQUE_SCIENCES_INFORMATIQUES",129
2022,"Première","HISTOIRE_GEO_POLITIQUE HUMANITES_LITTERATURE_PHILO PHYSIQUE_CHIMIE",128
2022,"Première","HISTOIRE_GEO_POLITIQUE LITTERATURE_LCA_LATIN SES",116
2022,"Première","HUMANITES_LITTERATURE_PHILO PHYSIQUE_CHIMIE SES",110
2022,"Première","NUMERIQUE_SCIENCES_INFORMATIQUES SCIENCES_INGENIEUR SES",107
2022,"Première","CINEMA LANGUES_LITTERATURE NUMERIQUE_SCIENCES_INFORMATIQUES",105
2022,"Première","SVT SCIENCES_INGENIEUR SES",105
2022,"Première","HISTOIRE_DES_ARTS LANGUES_LITTERATURE MATHS",100
2022,"Première","ARTS_PLA NUMERIQUE_SCIENCES_INFORMATIQUES SES",99
2022,"Première","CINEMA LANGUES_LITTERATURE SVT",92
2022,"Première","MUSIQUE HUMANITES_LITTERATURE_PHILO SES",91
2022,"Première","CINEMA SVT SES",90
2022,"Première","DANSE HUMANITES_LITTERATURE_PHILO LANGUES_LITTERATURE",85
2022,"Première","THEATRE MATHS PHYSIQUE_CHIMIE",83
2022,"Première","LANGUES_LITTERATURE SCIENCES_INGENIEUR SES",78
2022,"Première","CINEMA HUMANITES_LITTERATURE_PHILO MATHS",76
2022,"Première","NUMERIQUE_SCIENCES_INFORMATIQUES SVT SCIENCES_INGENIEUR",76
2022,"Première","DANSE HISTOIRE_GEO_POLITIQUE HUMANITES_LITTERATURE_PHILO",75
2022,"Première","ARTS_PLA MATHS SCIENCES_INGENIEUR",73
2022,"Première","HISTOIRE_DES_ARTS MATHS SES",73
2022,"Première","HISTOIRE_GEO_POLITIQUE LANGUES_LITTERATURE LITTERATURE_LCA_LATIN",73
2022,"Première","THEATRE MATHS SES",73
2022,"Première","THEATRE LANGUES_LITTERATURE MATHS",71
2022,"Première","THEATRE HUMANITES_LITTERATURE_PHILO SVT",69
2022,"Première","ARTS_PLA HUMANITES_LITTERATURE_PHILO NUMERIQUE_SCIENCES_INFORMATIQUES",67
2022,"Première","CINEMA HISTOIRE_GEO_POLITIQUE MATHS",66
2022,"Première","ARTS_PLA LANGUES_LITTERATURE PHYSIQUE_CHIMIE",65
2022,"Première","MUSIQUE LANGUES_LITTERATURE MATHS",64
2022,"Première","PHYSIQUE_CHIMIE SCIENCES_INGENIEUR SES",63
2022,"Première","CINEMA MATHS SVT",62
2022,"Première","DANSE LANGUES_LITTERATURE SES",62
2022,"Première","HISTOIRE_GEO_POLITIQUE NUMERIQUE_SCIENCES_INFORMATIQUES PHYSIQUE_CHIMIE",62
2022,"Première","HUMANITES_LITTERATURE_PHILO LANGUES_LITTERATURE LITTERATURE_LCA_GREC",62
2022,"Première","HISTOIRE_DES_ARTS HISTOIRE_GEO_POLITIQUE MATHS",61
2022,"Première","HISTOIRE_GEO_POLITIQUE SVT SCIENCES_INGENIEUR",60
2022,"Première","CINEMA HUMANITES_LITTERATURE_PHILO SVT",59
2022,"Première","CINEMA HISTOIRE_GEO_POLITIQUE SVT",58
2022,"Première","HUMANITES_LITTERATURE_PHILO NUMERIQUE_SCIENCES_INFORMATIQUES SVT",58
2022,"Première","ARTS_PLA HISTOIRE_GEO_POLITIQUE NUMERIQUE_SCIENCES_INFORMATIQUES",57
2022,"Première","CINEMA LANGUES_LITTERATURE PHYSIQUE_CHIMIE",57
2022,"Première","DANSE HISTOIRE_GEO_POLITIQUE SES",56
2022,"Première","HISTOIRE_GEO_POLITIQUE NUMERIQUE_SCIENCES_INFORMATIQUES SCIENCES_INGENIEUR",55
2022,"Première","LANGUES_LITTERATURE PHYSIQUE_CHIMIE SCIENCES_INGENIEUR",55
2022,"Première","THEATRE MATHS SVT",55
2022,"Première","CINEMA PHYSIQUE_CHIMIE SVT",54
2022,"Première","HISTOIRE_DES_ARTS MATHS SVT",54
2022,"Première","HISTOIRE_DES_ARTS HUMANITES_LITTERATURE_PHILO MATHS",53
2022,"Première","THEATRE LANGUES_LITTERATURE SVT",53
2022,"Première","THEATRE SVT SES",53
2022,"Première","HISTOIRE_DES_ARTS SVT SES",51
2022,"Première","MUSIQUE MATHS SVT",51
2022,"Première","THEATRE HUMANITES_LITTERATURE_PHILO MATHS",51
2022,"Première","HISTOIRE_DES_ARTS LANGUES_LITTERATURE SVT",50
2022,"Première","CINEMA NUMERIQUE_SCIENCES_INFORMATIQUES SES",49
2022,"Première","HISTOIRE_DES_ARTS HUMANITES_LITTERATURE_PHILO SVT",49
2022,"Première","MUSIQUE HUMANITES_LITTERATURE_PHILO MATHS",47
2022,"Première","MUSIQUE MATHS SES",47
2022,"Première","HISTOIRE_GEO_POLITIQUE LANGUES_LITTERATURE SCIENCES_INGENIEUR",45
2022,"Première","LANGUES_LITTERATURE SVT SCIENCES_INGENIEUR",45
2022,"Première","DANSE HUMANITES_LITTERATURE_PHILO SES",43
2022,"Première","HISTOIRE_DES_ARTS HISTOIRE_GEO_POLITIQUE SVT",42
2022,"Première","HISTOIRE_GEO_POLITIQUE PHYSIQUE_CHIMIE SCIENCES_INGENIEUR",40
2022,"Première","MUSIQUE LANGUES_LITTERATURE SVT",40
2022,"Première","ARTS_PLA HUMANITES_LITTERATURE_PHILO PHYSIQUE_CHIMIE",39
2022,"Première","DANSE HISTOIRE_GEO_POLITIQUE LANGUES_LITTERATURE",39
2022,"Première","HISTOIRE_GEO_POLITIQUE HUMANITES_LITTERATURE_PHILO LITTERATURE_LCA_GREC",39
2022,"Première","HUMANITES_LITTERATURE_PHILO LITTERATURE_LCA_LATIN SES",38
2022,"Première","THEATRE HISTOIRE_GEO_POLITIQUE SVT",37
2022,"Première","ARTS_PLA NUMERIQUE_SCIENCES_INFORMATIQUES PHYSIQUE_CHIMIE",36
2022,"Première","HISTOIRE_DES_ARTS LANGUES_LITTERATURE NUMERIQUE_SCIENCES_INFORMATIQUES",36
2022,"Première","MUSIQUE SVT SES",35
2022,"Première","ARTS_PLA NUMERIQUE_SCIENCES_INFORMATIQUES SVT",34
2022,"Première","MUSIQUE HUMANITES_LITTERATURE_PHILO SVT",34
2022,"Première","ARTS_PLA HISTOIRE_GEO_POLITIQUE PHYSIQUE_CHIMIE",32
2022,"Première","ARTS_PLA PHYSIQUE_CHIMIE SES",32
2022,"Première","CINEMA HISTOIRE_GEO_POLITIQUE NUMERIQUE_SCIENCES_INFORMATIQUES",32
2022,"Première","CINEMA HUMANITES_LITTERATURE_PHILO NUMERIQUE_SCIENCES_INFORMATIQUES",30
2022,"Première","DANSE LANGUES_LITTERATURE SVT",29
2022,"Première","HISTOIRE_DES_ARTS MATHS NUMERIQUE_SCIENCES_INFORMATIQUES",29
2022,"Première","LANGUES_LITTERATURE LITTERATURE_LCA_LATIN SES",29
2022,"Première","MUSIQUE HISTOIRE_GEO_POLITIQUE MATHS",29
2022,"Première","DANSE MATHS PHYSIQUE_CHIMIE",28
2022,"Première","HUMANITES_LITTERATURE_PHILO MATHS SCIENCES_INGENIEUR",27
2022,"Première","LITTERATURE_LCA_LATIN MATHS PHYSIQUE_CHIMIE",27
2022,"Première","THEATRE HISTOIRE_GEO_POLITIQUE MATHS",27
2022,"Première","CINEMA HUMANITES_LITTERATURE_PHILO PHYSIQUE_CHIMIE",26
2022,"Première","HISTOIRE_GEO_POLITIQUE LITTERATURE_LCA_LATIN MATHS",26
2022,"Première","CINEMA NUMERIQUE_SCIENCES_INFORMATIQUES PHYSIQUE_CHIMIE",25
2022,"Première","DANSE SVT SES",25
2022,"Première","MUSIQUE HISTOIRE_GEO_POLITIQUE SVT",25
2022,"Première","MUSIQUE LANGUES_LITTERATURE NUMERIQUE_SCIENCES_INFORMATIQUES",25
2022,"Première","THEATRE PHYSIQUE_CHIMIE SVT",25
2022,"Première","MUSIQUE LANGUES_LITTERATURE PHYSIQUE_CHIMIE",24
2022,"Première","MUSIQUE MATHS NUMERIQUE_SCIENCES_INFORMATIQUES",23
2022,"Première","ARTS_PLA HUMANITES_LITTERATURE_PHILO LITTERATURE_LCA_LATIN",22
2022,"Première","CINEMA PHYSIQUE_CHIMIE SES",22
2022,"Première","DANSE HUMANITES_LITTERATURE_PHILO SVT",22
2022,"Première","DANSE MATHS SES",22
2022,"Première","MUSIQUE PHYSIQUE_CHIMIE SVT",22
2022,"Première","THEATRE LANGUES_LITTERATURE NUMERIQUE_SCIENCES_INFORMATIQUES",22
2022,"Première","ARTS_PLA NUMERIQUE_SCIENCES_INFORMATIQUES SCIENCES_INGENIEUR",21
2022,"Première","LANGUES_LITTERATURE LITTERATURE_LCA_LATIN MATHS",21
2022,"Première","LANGUES_LITTERATURE LITTERATURE_LCA_LATIN SVT",21
2022,"Première","DANSE MATHS SVT",20
2022,"Première","HISTOIRE_DES_ARTS PHYSIQUE_CHIMIE SVT",20
2022,"Première","HUMANITES_LITTERATURE_PHILO LITTERATURE_LCA_LATIN MATHS",20
2022,"Première","CINEMA HISTOIRE_GEO_POLITIQUE PHYSIQUE_CHIMIE",19
2022,"Première","HISTOIRE_DES_ARTS HUMANITES_LITTERATURE_PHILO NUMERIQUE_SCIENCES_INFORMATIQUES",19
2022,"Première","HUMANITES_LITTERATURE_PHILO LITTERATURE_LCA_LATIN SVT",19
2022,"Première","DANSE PHYSIQUE_CHIMIE SVT",18
2022,"Première","HUMANITES_LITTERATURE_PHILO NUMERIQUE_SCIENCES_INFORMATIQUES PHYSIQUE_CHIMIE",18
2022,"Première","LITTERATURE_LCA_LATIN MATHS SES",18
2022,"Première","HUMANITES_LITTERATURE_PHILO LANGUES_LITTERATURE SCIENCES_INGENIEUR",17
2022,"Première","ARTS_PLA LANGUES_LITTERATURE SCIENCES_INGENIEUR",16
2022,"Première","HISTOIRE_GEO_POLITIQUE LANGUES_LITTERATURE LITTERATURE_LCA_GREC",16
2022,"Première","HUMANITES_LITTERATURE_PHILO LITTERATURE_LCA_LATIN LITTERATURE_LCA_GREC",16
2022,"Première","HUMANITES_LITTERATURE_PHILO SVT SCIENCES_INGENIEUR",16
2022,"Première","LITTERATURE_LCA_LATIN MATHS SVT",16
2022,"Première","MATHS PHYSIQUE_CHIMIE BIOLOGIE_ECOLOGIE",16
2022,"Première","ARTS_DU_CIRQUE HISTOIRE_GEO_POLITIQUE HUMANITES_LITTERATURE_PHILO",15
2022,"Première","DANSE LANGUES_LITTERATURE MATHS",15
2022,"Première","HUMANITES_LITTERATURE_PHILO SCIENCES_INGENIEUR SES",15
2022,"Première","LITTERATURE_LCA_LATIN SVT SES",15
2022,"Première","THEATRE LANGUES_LITTERATURE PHYSIQUE_CHIMIE",15
2022,"Première","ARTS_DU_CIRQUE HISTOIRE_GEO_POLITIQUE SES",14
2022,"Première","ARTS_DU_CIRQUE HUMANITES_LITTERATURE_PHILO LANGUES_LITTERATURE",14
2022,"Première","HUMANITES_LITTERATURE_PHILO NUMERIQUE_SCIENCES_INFORMATIQUES SCIENCES_INGENIEUR",14
2022,"Première","THEATRE MATHS NUMERIQUE_SCIENCES_INFORMATIQUES",14
2022,"Première","CINEMA MATHS SCIENCES_INGENIEUR",13
2022,"Première","CINEMA NUMERIQUE_SCIENCES_INFORMATIQUES SVT",13
2022,"Première","HISTOIRE_DES_ARTS HUMANITES_LITTERATURE_PHILO LITTERATURE_LCA_LATIN",13
2022,"Première","HISTOIRE_GEO_POLITIQUE HUMANITES_LITTERATURE_PHILO SCIENCES_INGENIEUR",13
2022,"Première","HISTOIRE_GEO_POLITIQUE LITTERATURE_LCA_GREC SES",12
2022,"Première","ARTS_DU_CIRQUE HUMANITES_LITTERATURE_PHILO SES",11
2022,"Première","ARTS_DU_CIRQUE MATHS PHYSIQUE_CHIMIE",11
2022,"Première","HISTOIRE_DES_ARTS LANGUES_LITTERATURE PHYSIQUE_CHIMIE",11
2022,"Première","HISTOIRE_GEO_POLITIQUE LITTERATURE_LCA_LATIN SVT",11
2022,"Première","HUMANITES_LITTERATURE_PHILO LITTERATURE_LCA_GREC SES",11
2022,"Première","DANSE HISTOIRE_GEO_POLITIQUE SVT",10
2022,"Première","HISTOIRE_GEO_POLITIQUE LITTERATURE_LCA_GREC MATHS",10
2022,"Première","ARTS_DU_CIRQUE HUMANITES_LITTERATURE_PHILO SVT",9
2022,"Première","HISTOIRE_DES_ARTS NUMERIQUE_SCIENCES_INFORMATIQUES SES",9
2022,"Première","LITTERATURE_LCA_GREC MATHS PHYSIQUE_CHIMIE",9
2022,"Première","LITTERATURE_LCA_LATIN PHYSIQUE_CHIMIE SVT",9
2022,"Première","ARTS_PLA HISTOIRE_GEO_POLITIQUE LITTERATURE_LCA_LATIN",8
2022,"Première","ARTS_PLA HISTOIRE_GEO_POLITIQUE SCIENCES_INGENIEUR",8
2022,"Première","ARTS_PLA PHYSIQUE_CHIMIE SCIENCES_INGENIEUR",8
2022,"Première","ARTS_PLA SCIENCES_INGENIEUR SES",8
2022,"Première","HISTOIRE_DES_ARTS MATHS SCIENCES_INGENIEUR",8
2022,"Première","HISTOIRE_GEO_POLITIQUE LITTERATURE_LCA_LATIN PHYSIQUE_CHIMIE",8
2022,"Première","THEATRE HUMANITES_LITTERATURE_PHILO NUMERIQUE_SCIENCES_INFORMATIQUES",8
2022,"Première","ARTS_PLA LANGUES_LITTERATURE LITTERATURE_LCA_LATIN",7
2022,"Première","CINEMA LANGUES_LITTERATURE SCIENCES_INGENIEUR",7
2022,"Première","HISTOIRE_DES_ARTS HUMANITES_LITTERATURE_PHILO PHYSIQUE_CHIMIE",7
2022,"Première","HUMANITES_LITTERATURE_PHILO LITTERATURE_LCA_GREC SVT",7
2022,"Première","HUMANITES_LITTERATURE_PHILO PHYSIQUE_CHIMIE SCIENCES_INGENIEUR",7
2022,"Première","THEATRE HUMANITES_LITTERATURE_PHILO PHYSIQUE_CHIMIE",7
2022,"Première","ARTS_DU_CIRQUE HISTOIRE_GEO_POLITIQUE SVT",6
2022,"Première","ARTS_DU_CIRQUE MATHS SVT",6
2022,"Première","ARTS_DU_CIRQUE SVT SES",6
2022,"Première","ARTS_PLA HUMANITES_LITTERATURE_PHILO SCIENCES_INGENIEUR",6
2022,"Première","CINEMA HUMANITES_LITTERATURE_PHILO LITTERATURE_LCA_LATIN",6
2022,"Première","CINEMA NUMERIQUE_SCIENCES_INFORMATIQUES SCIENCES_INGENIEUR",6
2022,"Première","HUMANITES_LITTERATURE_PHILO LITTERATURE_LCA_GREC MATHS",6
2022,"Première","LANGUES_LITTERATURE LITTERATURE_LCA_GREC MATHS",6
2022,"Première","LANGUES_LITTERATURE LITTERATURE_LCA_LATIN NUMERIQUE_SCIENCES_INFORMATIQUES",6
2022,"Première","MUSIQUE HISTOIRE_GEO_POLITIQUE NUMERIQUE_SCIENCES_INFORMATIQUES",6
2022,"Première","MUSIQUE HUMANITES_LITTERATURE_PHILO NUMERIQUE_SCIENCES_INFORMATIQUES",6
2022,"Première","MUSIQUE PHYSIQUE_CHIMIE SES",6
2022,"Première","ARTS_DU_CIRQUE HISTOIRE_GEO_POLITIQUE LANGUES_LITTERATURE",5
2022,"Première","ARTS_DU_CIRQUE HUMANITES_LITTERATURE_PHILO MATHS",5
2022,"Première","ARTS_DU_CIRQUE LANGUES_LITTERATURE MATHS",5
2022,"Première","ARTS_DU_CIRQUE LANGUES_LITTERATURE SES",5
2022,"Première","ARTS_DU_CIRQUE PHYSIQUE_CHIMIE SVT",5
2022,"Première","CINEMA LANGUES_LITTERATURE LITTERATURE_LCA_LATIN",5
2022,"Première","HISTOIRE_DES_ARTS HISTOIRE_GEO_POLITIQUE LITTERATURE_LCA_GREC",5
2022,"Première","HISTOIRE_DES_ARTS HISTOIRE_GEO_POLITIQUE PHYSIQUE_CHIMIE",5
2022,"Première","HISTOIRE_DES_ARTS NUMERIQUE_SCIENCES_INFORMATIQUES SVT",5
2022,"Première","HISTOIRE_DES_ARTS PHYSIQUE_CHIMIE SES",5
2022,"Première","LANGUES_LITTERATURE LITTERATURE_LCA_GREC SES",5
2022,"Première","LANGUES_LITTERATURE LITTERATURE_LCA_LATIN PHYSIQUE_CHIMIE",5
2022,"Première","LITTERATURE_LCA_GREC PHYSIQUE_CHIMIE SVT",5
2022,"Première","MUSIQUE HUMANITES_LITTERATURE_PHILO PHYSIQUE_CHIMIE",5
2022,"Première","THEATRE MATHS SCIENCES_INGENIEUR",5
2022,"Première","THEATRE NUMERIQUE_SCIENCES_INFORMATIQUES SES",5
2022,"Première","THEATRE PHYSIQUE_CHIMIE SES",5
2022,"Première","ARTS_PLA HUMANITES_LITTERATURE_PHILO LITTERATURE_LCA_GREC",4
2022,"Première","ARTS_PLA LITTERATURE_LCA_LATIN SES",4
2022,"Première","CINEMA PHYSIQUE_CHIMIE SCIENCES_INGENIEUR",4
2022,"Première","CINEMA SCIENCES_INGENIEUR SES",4
2022,"Première","DANSE HISTOIRE_GEO_POLITIQUE MATHS",4
2022,"Première","DANSE HUMANITES_LITTERATURE_PHILO MATHS",4
2022,"Première","HISTOIRE_DES_ARTS HISTOIRE_GEO_POLITIQUE LITTERATURE_LCA_LATIN",4
2022,"Première","HISTOIRE_GEO_POLITIQUE LITTERATURE_LCA_GREC SVT",4
2022,"Première","LITTERATURE_LCA_LATIN MATHS NUMERIQUE_SCIENCES_INFORMATIQUES",4
2022,"Première","MUSIQUE MATHS SCIENCES_INGENIEUR",4
2022,"Première","MUSIQUE NUMERIQUE_SCIENCES_INFORMATIQUES SES",4
2022,"Première","THEATRE HISTOIRE_GEO_POLITIQUE PHYSIQUE_CHIMIE",4
2022,"Première","THEATRE HUMANITES_LITTERATURE_PHILO LITTERATURE_LCA_LATIN",4
2022,"Première","ARTS_DU_CIRQUE LANGUES_LITTERATURE SVT",3
2022,"Première","ARTS_PLA LANGUES_LITTERATURE LITTERATURE_LCA_GREC",3
2022,"Première","ARTS_PLA LITTERATURE_LCA_LATIN NUMERIQUE_SCIENCES_INFORMATIQUES",3
2022,"Première","ARTS_PLA LITTERATURE_LCA_LATIN SVT",3
2022,"Première","ARTS_PLA SVT SCIENCES_INGENIEUR",3
2022,"Première","CINEMA HUMANITES_LITTERATURE_PHILO LITTERATURE_LCA_GREC",3
2022,"Première","DANSE MATHS NUMERIQUE_SCIENCES_INFORMATIQUES",3
2022,"Première","HISTOIRE_DES_ARTS NUMERIQUE_SCIENCES_INFORMATIQUES PHYSIQUE_CHIMIE",3
2022,"Première","HISTOIRE_GEO_POLITIQUE SES BIOLOGIE_ECOLOGIE",3
2022,"Première","HUMANITES_LITTERATURE_PHILO LITTERATURE_LCA_LATIN PHYSIQUE_CHIMIE",3
2022,"Première","LANGUES_LITTERATURE LITTERATURE_LCA_GREC SVT",3
2022,"Première","LITTERATURE_LCA_GREC MATHS NUMERIQUE_SCIENCES_INFORMATIQUES",3
2022,"Première","LITTERATURE_LCA_GREC MATHS SVT",3
2022,"Première","MATHS SES BIOLOGIE_ECOLOGIE",3
2022,"Première","MUSIQUE HUMANITES_LITTERATURE_PHILO LITTERATURE_LCA_LATIN",3
2022,"Première","MUSIQUE LANGUES_LITTERATURE LITTERATURE_LCA_LATIN",3
2022,"Première","MUSIQUE NUMERIQUE_SCIENCES_INFORMATIQUES PHYSIQUE_CHIMIE",3
2022,"Première","THEATRE HUMANITES_LITTERATURE_PHILO LITTERATURE_LCA_GREC",3
2022,"Première","THEATRE NUMERIQUE_SCIENCES_INFORMATIQUES SVT",3
2022,"Première","ARTS_DU_CIRQUE HUMANITES_LITTERATURE_PHILO PHYSIQUE_CHIMIE",2
2022,"Première","ARTS_DU_CIRQUE MATHS SES",2
2022,"Première","ARTS_PLA LITTERATURE_LCA_LATIN MATHS",2
2022,"Première","CINEMA HISTOIRE_GEO_POLITIQUE LITTERATURE_LCA_LATIN",2
2022,"Première","CINEMA HISTOIRE_GEO_POLITIQUE SCIENCES_INGENIEUR",2
2022,"Première","CINEMA LANGUES_LITTERATURE BIOLOGIE_ECOLOGIE",2
2022,"Première","HISTOIRE_DES_ARTS HISTOIRE_GEO_POLITIQUE NUMERIQUE_SCIENCES_INFORMATIQUES",2
2022,"Première","HISTOIRE_DES_ARTS HUMANITES_LITTERATURE_PHILO LITTERATURE_LCA_GREC",2
2022,"Première","HISTOIRE_DES_ARTS LITTERATURE_LCA_LATIN SVT",2
2022,"Première","HISTOIRE_GEO_POLITIQUE LITTERATURE_LCA_LATIN NUMERIQUE_SCIENCES_INFORMATIQUES",2
2022,"Première","HISTOIRE_GEO_POLITIQUE MATHS BIOLOGIE_ECOLOGIE",2
2022,"Première","LITTERATURE_LCA_GREC SVT SES",2
2022,"Première","LITTERATURE_LCA_LATIN NUMERIQUE_SCIENCES_INFORMATIQUES PHYSIQUE_CHIMIE",2
2022,"Première","LITTERATURE_LCA_LATIN NUMERIQUE_SCIENCES_INFORMATIQUES SES",2
2022,"Première","LITTERATURE_LCA_LATIN NUMERIQUE_SCIENCES_INFORMATIQUES SVT",2
2022,"Première","MUSIQUE LITTERATURE_LCA_LATIN SVT",2
2022,"Première","MUSIQUE NUMERIQUE_SCIENCES_INFORMATIQUES SVT",2
2022,"Première","THEATRE HISTOIRE_GEO_POLITIQUE NUMERIQUE_SCIENCES_INFORMATIQUES",2
2022,"Première","THEATRE LANGUES_LITTERATURE LITTERATURE_LCA_LATIN",2
2022,"Première","ARTS_DU_CIRQUE HISTOIRE_GEO_POLITIQUE MATHS",1
2022,"Première","ARTS_DU_CIRQUE LANGUES_LITTERATURE PHYSIQUE_CHIMIE",1
2022,"Première","ARTS_DU_CIRQUE PHYSIQUE_CHIMIE SES",1
2022,"Première","ARTS_PLA LITTERATURE_LCA_GREC MATHS",1
2022,"Première","ARTS_PLA LITTERATURE_LCA_GREC SVT",1
2022,"Première","ARTS_PLA LITTERATURE_LCA_LATIN PHYSIQUE_CHIMIE",1
2022,"Première","ARTS_PLA LITTERATURE_LCA_LATIN SCIENCES_INGENIEUR",1
2022,"Première","CINEMA HISTOIRE_GEO_POLITIQUE LITTERATURE_LCA_GREC",1
2022,"Première","CINEMA HUMANITES_LITTERATURE_PHILO SCIENCES_INGENIEUR",1
2022,"Première","CINEMA LITTERATURE_LCA_LATIN PHYSIQUE_CHIMIE",1
2022,"Première","CINEMA LITTERATURE_LCA_LATIN SES",1
2022,"Première","CINEMA LITTERATURE_LCA_LATIN SVT",1
2022,"Première","CINEMA PHYSIQUE_CHIMIE BIOLOGIE_ECOLOGIE",1
2022,"Première","CINEMA SES BIOLOGIE_ECOLOGIE",1
2022,"Première","CINEMA SVT SCIENCES_INGENIEUR",1
2022,"Première","DANSE HUMANITES_LITTERATURE_PHILO LITTERATURE_LCA_LATIN",1
2022,"Première","DANSE LANGUES_LITTERATURE NUMERIQUE_SCIENCES_INFORMATIQUES",1
2022,"Première","DANSE LANGUES_LITTERATURE PHYSIQUE_CHIMIE",1
2022,"Première","DANSE NUMERIQUE_SCIENCES_INFORMATIQUES SVT",1
2022,"Première","DANSE PHYSIQUE_CHIMIE SES",1
2022,"Première","HISTOIRE_DES_ARTS HISTOIRE_GEO_POLITIQUE SCIENCES_INGENIEUR",1
2022,"Première","HISTOIRE_DES_ARTS LANGUES_LITTERATURE LITTERATURE_LCA_GREC",1
2022,"Première","HISTOIRE_DES_ARTS LANGUES_LITTERATURE LITTERATURE_LCA_LATIN",1
2022,"Première","HISTOIRE_DES_ARTS LANGUES_LITTERATURE SCIENCES_INGENIEUR",1
2022,"Première","HISTOIRE_DES_ARTS LITTERATURE_LCA_GREC PHYSIQUE_CHIMIE",1
2022,"Première","HISTOIRE_DES_ARTS LITTERATURE_LCA_LATIN MATHS",1
2022,"Première","HISTOIRE_DES_ARTS NUMERIQUE_SCIENCES_INFORMATIQUES SCIENCES_INGENIEUR",1
2022,"Première","HISTOIRE_DES_ARTS PHYSIQUE_CHIMIE SCIENCES_INGENIEUR",1
2022,"Première","HISTOIRE_DES_ARTS SCIENCES_INGENIEUR SES",1
2022,"Première","HISTOIRE_GEO_POLITIQUE HUMANITES_LITTERATURE_PHILO BIOLOGIE_ECOLOGIE",1
2022,"Première","HISTOIRE_GEO_POLITIQUE PHYSIQUE_CHIMIE BIOLOGIE_ECOLOGIE",1
2022,"Première","HISTOIRE_GEO_POLITIQUE SVT BIOLOGIE_ECOLOGIE",1
2022,"Première","HUMANITES_LITTERATURE_PHILO LANGUES_LITTERATURE BIOLOGIE_ECOLOGIE",1
2022,"Première","HUMANITES_LITTERATURE_PHILO LITTERATURE_LCA_GREC PHYSIQUE_CHIMIE",1
2022,"Première","HUMANITES_LITTERATURE_PHILO LITTERATURE_LCA_LATIN NUMERIQUE_SCIENCES_INFORMATIQUES",1
2022,"Première","HUMANITES_LITTERATURE_PHILO SVT BIOLOGIE_ECOLOGIE",1
2022,"Première","LANGUES_LITTERATURE MATHS BIOLOGIE_ECOLOGIE",1
2022,"Première","LANGUES_LITTERATURE SES BIOLOGIE_ECOLOGIE",1
2022,"Première","LANGUES_LITTERATURE SVT BIOLOGIE_ECOLOGIE",1
2022,"Première","LITTERATURE_LCA_GREC MATHS SES",1
2022,"Première","LITTERATURE_LCA_LATIN MATHS SCIENCES_INGENIEUR",1
2022,"Première","LITTERATURE_LCA_LATIN PHYSIQUE_CHIMIE SES",1
2022,"Première","LITTERATURE_LCA_LATIN SCIENCES_INGENIEUR SES",1
2022,"Première","MUSIQUE HISTOIRE_GEO_POLITIQUE LITTERATURE_LCA_LATIN",1
2022,"Première","MUSIQUE HISTOIRE_GEO_POLITIQUE PHYSIQUE_CHIMIE",1
2022,"Première","MUSIQUE HUMANITES_LITTERATURE_PHILO LITTERATURE_LCA_GREC",1
2022,"Première","MUSIQUE LANGUES_LITTERATURE LITTERATURE_LCA_GREC",1
2022,"Première","MUSIQUE LITTERATURE_LCA_GREC SES",1
2022,"Première","MUSIQUE LITTERATURE_LCA_LATIN SES",1
2022,"Première","MUSIQUE NUMERIQUE_SCIENCES_INFORMATIQUES SCIENCES_INGENIEUR",1
2022,"Première","MUSIQUE PHYSIQUE_CHIMIE SCIENCES_INGENIEUR",1
2022,"Première","PHYSIQUE_CHIMIE SES BIOLOGIE_ECOLOGIE",1
2022,"Première","THEATRE HISTOIRE_GEO_POLITIQUE LITTERATURE_LCA_LATIN",1
2022,"Première","THEATRE HUMANITES_LITTERATURE_PHILO SCIENCES_INGENIEUR",1
2022,"Première","THEATRE LANGUES_LITTERATURE LITTERATURE_LCA_GREC",1
2022,"Première","THEATRE LANGUES_LITTERATURE SCIENCES_INGENIEUR",1
2022,"Première","THEATRE LITTERATURE_LCA_LATIN MATHS",1
2022,"Première","THEATRE NUMERIQUE_SCIENCES_INFORMATIQUES PHYSIQUE_CHIMIE",1
2022,"Première","THEATRE SVT SCIENCES_INGENIEUR",1
